label,confidence,center_x_px,approx_wavenumber_cm-1
C-H Aldehyde,0.9666455388069153,390.11744689941406,2743.082266041695
S-H Thiol,0.7342005968093872,442.22633361816406,2537.8393861866625
C-N Nitrile,0.8880486488342285,513.4747467041016,2257.2110633098846
C-C Alkyne,0.8310337066650391,544.5513305664062,2134.8087636334108
C=O Carbonyl,0.7151008248329163,641.4519348144531,1753.1433639693314
C=C Alkene,0.4289915859699249,671.1490478515625,1636.1744285934083
N-O Nitro,0.7669235467910767,726.0292358398438,1420.0161389240293
